{"cameraMode":{"drawMode":0,"name":"Shaded","section":"Shading Mode"},"sceneLighting":true,"audioPlay":false,"sceneViewState":{"m_AlwaysRefresh":false,"showFog":true,"showSkybox":true,"showFlares":true,"showImageEffects":true,"showParticleSystems":true,"showVisualEffectGraphs":true,"m_FxEnabled":true},"in2DMode":false,"pivot":{"x":331.42950439453127,"y":2.2507948875427248,"z":4.398381233215332},"rotation":{"x":-0.03578512743115425,"y":-0.9636659026145935,"z":-0.16907650232315064,"w":0.2038654088973999},"size":1.5025073289871216,"orthographic":false}