{"cameraMode":{"drawMode":0,"name":"Shaded","section":"Shading Mode"},"sceneLighting":true,"audioPlay":false,"sceneViewState":{"m_AlwaysRefresh":false,"showFog":true,"showSkybox":true,"showFlares":true,"showImageEffects":true,"showParticleSystems":true,"showVisualEffectGraphs":true,"m_FxEnabled":true},"in2DMode":false,"pivot":{"x":29.633424758911134,"y":-4.686376571655273,"z":18.728607177734376},"rotation":{"x":-0.17569927871227265,"y":-0.5453177094459534,"z":0.11810540407896042,"w":-0.8110944628715515},"size":14.000558853149414,"orthographic":false}