{"cameraMode":{"drawMode":0,"name":"Shaded","section":"Shading Mode"},"sceneLighting":false,"audioPlay":false,"sceneViewState":{"m_AlwaysRefresh":false,"showFog":true,"showSkybox":false,"showFlares":true,"showImageEffects":true,"showParticleSystems":true,"showVisualEffectGraphs":true,"m_FxEnabled":true},"in2DMode":false,"pivot":{"x":14.015179634094239,"y":2.1410317420959474,"z":14.095932960510254},"rotation":{"x":-0.17569927871227265,"y":-0.5453177094459534,"z":0.11810540407896042,"w":-0.8110944628715515},"size":2.485588312149048,"orthographic":false}